value,time,Input,Name
1,0.10250279097817838,1,test_benchmark
1,0.1050202501937747,1,test_benchmark
1,0.10504295793361962,1,test_benchmark
2,0.10502520808950067,2,test_benchmark
2,0.10503445798531175,2,test_benchmark
2,0.10506854089908302,2,test_benchmark
3,0.1070797920692712,3,test_benchmark
3,0.10362416598945856,3,test_benchmark
3,0.10514879203401506,3,test_benchmark
